pc_id,name,address
1,pyypohvhpa,mvofuydmpmjiqjdvnwvpnjfbdvddpy
2,xjjvuroncm,eerszwidtyghvlaumxcmzcylvgqnay
3,xuftahbkrz,qzjldilhaeestpvzfgqlppbewejcbi
4,kwidqqrjmr,qbgmcqxbxboimmuukuyhspxgmreokp
5,vqlbjqzxbp,toqmmvqmrftjurzsiuumvvndvoaxzr
6,ewxfkixzdi,zdvmlwcchfqguoqshdckmppumievfx
7,hfbvxyegzr,diqcxoqawodjstfwoyogivcwhcsmfi
8,cjnncqigmx,gynxylxdedkrlrcvajchdsirclpgah
9,vmbdnnklyd,vwubgbkdqpooineirdqjlsgrdbjzbp
10,sawljdnicl,bmszkiodlfzdhwupcgclycxhfpvkxk
11,vzornezfmp,tlokmkcedmdomzmmouosjgdntfjvhk
12,sxkqcxjibr,dixfxmqdyienxgxuqfhyjqjgrstthh
13,sxnwqmjnyv,havqipopstmkytdyxjvhkygwfywgkt
14,pyvireyeix,kswlmimkyiggkmkwceqvwxgalfbhld
15,ahoyvlqpwr,iipbhlumjynmxlpggztttclcdslwnr
16,suoddidjqe,meajxlwedvklnclylwvasezxcjdkxm
17,rswnpalvhr,ephmxqegltnhysukhakshayreewyjj
18,cuuumtadek,drgvlblopvipjxkwzqoyiilxpctdae
19,lofziezuzu,dozbgdhnzyqobjwocgeijwfnpmtfyl
20,arpnvoccsa,nzdehsfoagifhsxjbdhptkypcrpvrs
21,wxdukctlii,cfftbnshnfyqmlqgoprszktyujzlic
22,mvfqkvambg,icyjiuqeixffeorekoluxurqvkukmx
23,dqpjtfcnfz,jkclbwwdmmtdcymzvloluuzvvyflpj
24,lrksanfrtl,qtjicyixuambzmoygfmrjwwqagfiwc
25,tcnsbzlaqs,ulqxtrnemehblbbncqhhzetlrrkblq
26,eqpnmwrveu,igwxdxwnthbetcsfwogmcunowbacxa
27,uzpsynmfyn,vzaucqpnoyycmemrhqhbtwzvdfobjj
28,unvbghvpso,vsboeduuleagfaacyencdihhsgqxmq
29,trzyhwmqkx,gbkwoylvqohrhothwfyklyqlvwttlx
30,vondzqehkh,vcecxlujfffxdavwuonjyykyuodfxk
