a_id,name
1,lrryaqazilbfgew
2,pfbbpzpkkqhpqco
3,mjeqgmptcglfhen
4,cqnmtrqizalddda
5,qbaaxyjtqdcvklr
6,jjsoziqshhfwckz
7,fmenlyprrhzkdxu
8,lzoxdebnyvxbmwn
9,htpxclskcwggtvr
10,gqjuajavhdlniyv
11,efsgqlguiuqpmax
12,dfbvavjwvgybbkw
13,sdvuxuxfzzqmyjv
14,ltbfcnsgnfccwbr
15,iueitkyqpuzemvd
16,oncnlqiamrzjkuv
17,ewolcgfdwcpifmt
18,mjidhzzlnmkaads
19,qymkglewbuevkmk
20,fculdnvxsijfrbx
21,nigngdhgdktvhbs
22,dpmtzaahtpkbmjv
23,pwluipkueufkfbb
24,oevsdnixnruedyb
25,egptoulvqdqitxr
26,cmzzuorhjfpgygw
27,uuwyddinnhaukzf
28,xcffcahuewdjeyk
29,piaectupazokcqh
30,rpjtebyuozvvvvo
31,xgwcqrccgkfibwf
32,ijohqseuvpqeoon
33,qrdqwvdysmlgcki
34,eivxzbmxwbjlyns
35,frnajormilnthgk
36,tipknuhzrrucwrf
37,renhrhdinbrwcyc
38,mardxpbydacyvyj
39,wxrccqapdcwcxcg
40,ewrkapmbnmdaanu
41,qwkkhjsgxahhvja
42,sdxvoteqrkzivrd
43,ztuyzlvejkjchbg
44,yjguqaghpfwwxei
45,dukwurwumyduxbm
46,gnetgngejvxmeuh
47,mshdysxtwjykjbl
48,fxgrppagpbatykp
49,nrizaykeaqhlmwf
50,xhtjnhkcxvsxsct
51,tstamsimvpxduen
52,kfvtplygxqspvtw
53,dwpovimghqdctgl
54,rijjxxdvcbpgqae
55,llbuquqssswujzs
56,pcuwxsvffoakaby
57,ctldeoptqmhmzws
58,gjlacoudnxpqyvb
59,iaoeuaxlmkprbda
60,epjhnnnfaccllgx
61,liibpvjodrnaudb
62,utjfmlkkzmxauye
63,mnmsoeqvmiskpjs
64,cehhwrudbjkiesz
65,xaezgvjosarouim
66,ihiwlzvaddpwnrh
67,pjcjvitiuubesoo
68,tvlfqhqqbsunfcq
69,cnhbojouzovwbty
70,oeqybkfvuycswve
71,klwkhzdcpescqmm
72,brvubuvreodmzfu
73,tqladpwwymystho
74,zxzvoznbzbsmnai
75,gvkwxdryjcjills
76,ewchlvflwmlmeph
77,qyctnjlkwxpehia
78,kovoqymvdmwozci
79,neablypqltwsijz
80,btunrdfnqdepmey
81,wdavtbcrjvkcwkf
82,hxbvniotmfztjpk
83,ophmajixkgxyoeq
84,xbzwphtrzaharkr
85,klitdiziglawnrz
86,fjguprxqcmeitrx
87,qsrbqfrgmjsyspr
88,xowzcbnekfrpmvf
89,vkagnwoakrenppt
90,ncycrfzsrqdoxps
91,viyjepekbanchww
92,xlgwqbthjurwvhc
93,hoqcjdwsutzbdum
94,zfcgsolvvgsmdwu
95,hgasrllbpkjyldv
96,muommbqxfcuxdsd
97,vcnicjbdiebppqk
98,uqgshpvlnqcykgh
99,eiuouegnrvdlhfo
100,htabkhagbnvouak
101,zbzlwicbdshvvvx
102,jywfccljhtitpzh
103,cnrfokbvroyezqr
104,hcigvatjwfvrbaf
105,nmpbllaopngnuau
106,qowkgjdrgsbywon
107,wucrktcurwszjis
108,eavsjdhuhihkzne
109,iatckwmkbuywyhu
110,nribqaawkpitzgj
111,nfdpkoustwtpeal
112,fldsavxqwvrcnww
113,bllirtcgrfjklei
114,iccbizhvkviepjv
115,xlxgfsxaupnkglv
116,lobaqnpdyxaumhq
117,lolmhclrkmcomza
118,lktvvfqgegoluee
119,xuyxeenomczvzru
120,gxwbfjgqcsglgli
121,ymprqhpwumuwdxn
122,atkvmhihitpiejg
123,cfgnxxkzeojzopz
124,atyyajyffbuevuf
125,amvbdqawatukuwg
126,fpwyptkpqppdnop
127,khzstznivqriiud
128,cwwiuucxlpoyams
129,eeydrigswigpqfv
130,ocosmxuwkhvigce
131,gbqnuftuxzzczmr
132,abpoqvbqbuqfiih
133,miabzlqudjdioub
134,vxcfuzbnorowiyd
135,qrkxobinxftcqce
136,gzvrbalxgugheii
137,zniartzlkoftfhq
138,excsweqizfhghnw
139,bubtkyofidumuvn
140,ysekbiempwbuzqu
141,kepruhxmxskfwgw
142,trwdssfhmpnrvmo
143,xdufihsztchyiug
144,qmisycujcqsydfh
145,bamdbylcxnipwuo
146,cqnqduufvzpnxdz
147,qbbotjfjggtcfas
148,gtmtkezpzkqtuuv
149,vmudtrcywfswfdd
150,avnrjodbtspwiyn
151,dojcsykvadepkdb
152,cbklquqheeyyfou
153,qfdsflkkkkunixd
154,loztderhsgmejmn
155,fgiergzqoxrjosy
156,ltpeszqhbrtgomt
157,nyfapjhlymtnjjl
158,vudzypugzjgzjxf
159,umiqqjlwllcxopx
160,vuxhvusfpozutqx
161,wojwpdjpudkxggq
162,hthqavciqedfwbu
163,ejeygdqeoomupdj
164,yfapmpjuxuiruav
165,xkefcmtgxwkrhvc
166,lhigsbxnxxtzshy
167,fufeurukccbmpyc
168,vqgrsophvwbzrpt
169,ijjwocxvfhxsawe
170,vmpfpnryawmxukl
171,pkrnyerxzfypofx
172,mfwmzbsbwevxxuz
173,ceocemjzfaketzf
174,xtoovaalcfzonjb
175,brqlexxjbfmepbk
176,mejtlfqyskhxpek
177,srvnkcoaihhhkmj
178,tdzsnhmgyqoaixo
179,ssncqgynqvwumut
180,ufuzkwlbtdupewy
181,ulasvltvrbzszwv
182,wkqgzzlyeyemppl
183,jnnpngccxxbckju
184,iivbhkzluqjjgbz
185,efvpxhvjzlychrn
186,rafkrekhoclccfm
187,ktzcjducgaqbexk
188,wmkhyvudvdppxay
189,weywkyeyjyzpyac
190,puqvdbxmecvphqo
191,knafyakttvhzouj
192,bwmelwnckofhwjt
193,byndadyysingrco
194,ugratnbutronqon
195,wjnxubzlqimznmr
196,jlkmcjquifxaqmt
197,pfgfrezihilwcih
198,vyzvttlbrtjmhmn
199,giotjnpnqyaflxr
200,pcafeexppmshjjr
201,hpwrvzpptwuhpwl
202,sxlevzbeezklkne
203,qqpwpncabhgrkch
204,eoalmevqqsszeqq
205,ixgndsyvuhbfalq
206,ktkltvwfzenasyh
207,rncvqniynsqohbz
208,dsgijuicrerxpvh
209,uosnhdafexlrqxn
210,xnroexrdlvayehn
211,ejtxxcvzkoccwis
212,dlfnivwvwjsckmb
213,pyqsosmfxdkysvu
214,wivysimslabdnwo
215,uvvkjyfkscryctq
216,bghlfkmjkqwxnct
217,umjbxtbokxokedw
218,mlysgznfsfzvcwt
219,oiyvfuschqkxdfx
220,worijxmfkuffiyy
221,oaggeqhyhzxgffh
222,qyofapjekdusqin
223,jivshsbkpocgrop
224,tdqdoxtxfotfdas
225,rexqmsbvwujlpqb
226,hgzkntpwombwgjt
227,krrpccpjuwfdqxs
228,lepuctdmqblhcaj
229,tpxaaxmqrveucsw
230,hineullixppgiip
231,bexmmnzyfuquxyt
232,xdqwnwtynmqqomf
233,wepygrxtddxhgwe
234,lfdsdmzaolxkgre
235,idrldrjidfoefsj
236,fzcvjcmkxucfzxw
237,dhowxozmfifgzok
238,luxctjjcqvoubaq
239,kccdhqdkhbjefop
240,njqoffxzcbeccxc
241,bopracqduyuswwv
242,dqonoxlazblyhos
243,esoozrrvkevgcbx
244,yzmgibvtftgrcrc
245,mkxobuocbrxmees
246,adbmzrrimocxbnc
247,sqzhrjzpwrihoky
248,vvrcfzybsenvkbt
249,sqscohzlpowpbej
250,ciurdqxzfgzjdpz
251,cqawlemojrmcjqj
252,oobibrmjdxaovqw
253,vgvzbtmnlbdbphk
254,anvhjnsjorxszby
255,brkautdbjvlxmnt
256,dfnhzxgmyzsnemw
257,puaodpwxbyoetza
258,lxiugeqwqwubwga
259,snsvtgdqfrelxuu
260,tlyxctxukxzkoyu
261,xidmiwuxbmvzyqb
262,anmcucydmwsylpa
263,vuidchswijcsabj
264,fzdufhpjovltnyb
265,qrevmsutnhcgvnx
266,shqciitoexblhmo
267,xbjdocenmbyobkt
268,roukftbsmufoxyx
269,awcbkkykuxksuoj
270,ywwnokueiltbiik
271,glhdpjgsplasdbl
272,qpyoucapicuhewz
273,pmucvcwxdlasgnd
274,xmsemvccekwysyx
275,ykepkqhrkoqhlwp
276,pxuwitcpfqljdbj
277,ljjsalzafdizbti
278,aqyhdoyheckbwpy
279,ijzrvgzmjbceuqz
280,obkiwizpnuaoeef
281,ceiewfagrxnzmiz
282,jbrwjtmixhkiimc
283,zvbykvcgsyffzmb
284,lfykaslikwjoqps
285,eenlfvbubzzglhr
286,aplqxgrddyjwtae
287,pzxchbetasssark
288,tanqstoaoeplmcp
289,hlhnlsijuufxzyu
290,hxgatbzsgkodmrd
291,voaletavgqqzode
292,mwlejufhuflgrzg
293,xkesyhqsplekjxh
294,rondeydpzpktmof
295,nnrviwhmjckrglc
296,kwayfnavggqbpvb
297,uiuvkbqonfpffih
298,ubbceyluiaurfcx
299,mbsutvetbwpfxar
300,gtmyjcmtpgmqamj
